{"name":"ad0e315c-d72d-4e0f-8dc5-90306c0cfaa6","id":"/providers/Microsoft.Flow/flows/ad0e315c-d72d-4e0f-8dc5-90306c0cfaa6","type":"Microsoft.Flow/flows","properties":{"apiId":"/providers/Microsoft.PowerApps/apis/shared_logicflows","displayName":"AI Builder Text Recognition Expenses with Dynamics 365 FinOps","definition":{"metadata":{"workflowEntityId":null,"creator":{"id":"8a3abbd8-e22e-4ba0-b36c-12aed20cd373","type":"User","tenantId":"8d3cdf8d-fc61-4142-9d65-03955f7adc6f"},"provisioningMethod":"FromDefinition","failureAlertSubscription":true,"clientLastModifiedTime":"2020-05-10T14:35:59.5617033Z"},"$schema":"https://schema.management.azure.com/providers/Microsoft.Logic/schemas/2016-06-01/workflowdefinition.json#","contentVersion":"1.0.0.0","parameters":{"$connections":{"defaultValue":{},"type":"Object"},"$authentication":{"defaultValue":{},"type":"SecureObject"},"cdsruntimecertificate":{"type":"String"},"cdsruntimecertificatepassword":{"type":"SecureString"}},"triggers":{"manual":{"type":"Request","kind":"Button","inputs":{"schema":{"type":"object","properties":{"file":{"title":"Input Image","type":"object","x-ms-dynamically-added":true,"description":"Please select file or image","x-ms-content-hint":"FILE","properties":{"name":{"type":"string"},"contentBytes":{"type":"string","format":"byte"}}}},"required":[]},"headersSchema":{"x-ms-user-email-encoded":{"title":"User email","type":"string","format":"byte","x-ms-dynamically-added":false}}}}},"actions":{"Predict":{"runAfter":{"Apply_to_each_-_Retrieve_manager_attributes":["Succeeded"]},"type":"OpenApiConnection","inputs":{"host":{"apiId":"/providers/Microsoft.PowerApps/apis/shared_commondataserviceforapps","connectionName":"shared_commondataserviceforapps","operationId":"PredictV2"},"parameters":{"recordId":"86419a67-205a-454f-b6fc-601394f2786d","item/requestv2/base64Encoded":"@base64ToBinary(triggerBody()?['file']?['contentBytes'])"},"authentication":"@parameters('$authentication')"}},"Initialize_variable":{"runAfter":{"Predict":["Succeeded"]},"type":"InitializeVariable","inputs":{"variables":[{"name":"Extracted lines","type":"array"}]}},"Apply_to_each_-_Apply_to_each_page":{"foreach":"@outputs('Predict')?['body/responsev2/predictionOutput/results']","actions":{"Apply_to_each_-_Apply_to_each_line":{"foreach":"@items('Apply_to_each_-_Apply_to_each_page')?['lines']","actions":{"Append_to_array_variable":{"runAfter":{},"type":"AppendToArrayVariable","inputs":{"name":"Extracted lines","value":"@items('Apply_to_each_-_Apply_to_each_line')?['text']"}},"Set_PredictLine":{"runAfter":{"Append_to_array_variable":["Succeeded"]},"type":"SetVariable","inputs":{"name":"PredictedLine","value":"@items('Apply_to_each_-_Apply_to_each_line')?['text']"}},"Condition_for_expenseTransDate":{"actions":{"Set_expenseTransDate":{"runAfter":{},"type":"SetVariable","inputs":{"name":"expenseTransDate","value":"@variables('PredictedLine')"}}},"runAfter":{"Set_PredictLine":["Succeeded"]},"else":{"actions":{"Condition_for_detecting_totalAmountLabel":{"actions":{"Set_detectedTotalAmount":{"runAfter":{},"type":"SetVariable","inputs":{"name":"detectedTotalAmount","value":true}}},"runAfter":{},"else":{"actions":{"Condition_for_amount_of_transaction":{"actions":{"Set_TotalAmount_Transaction":{"runAfter":{},"type":"SetVariable","inputs":{"name":"totalAmount","value":"@variables('PredictedLine')"}},"Reset_flag_detectedTotalAmount":{"runAfter":{"Set_TotalAmount_Transaction":["Succeeded"]},"type":"SetVariable","inputs":{"name":"detectedTotalAmount","value":false}}},"runAfter":{},"expression":{"equals":["@variables('detectedTotalAmount')",true]},"type":"If"}}},"expression":{"equals":["@variables('PredictedLine')","@variables('delimiterTotalAmount')"]},"type":"If"},"Condition_Currency":{"actions":{"Set_Currency_to_EUR":{"runAfter":{},"type":"SetVariable","inputs":{"name":"Currency","value":"EUR"}}},"runAfter":{"Condition_for_detecting_totalAmountLabel":["Succeeded"]},"expression":{"or":[{"contains":["@variables('PredictedLine')","E"]},{"contains":["@variables('PredictedLine')","€"]}]},"type":"If"}}},"expression":{"contains":["@variables('PredictedLine')","@variables('delimiterTransDate')"]},"type":"If"}},"runAfter":{},"type":"Foreach"},"Create_Expense_in_Dynamics":{"runAfter":{"Handle_convert_amount_to_float_with_dot":["Succeeded"]},"type":"OpenApiConnection","inputs":{"host":{"apiId":"/providers/Microsoft.PowerApps/apis/shared_dynamicsax","connectionName":"shared_dynamicsax_1","operationId":"PostItem"},"parameters":{"dataset":"solevo-preprod.sandbox.operations.dynamics.com","table":"IMPTrvExpTransV2","item/LegalEntity_DataArea":"@variables('LegalEntity')","item/TransDate":"@outputs('Handle_French_Format_of_Date_to_ISO_8601')","item/PayMethod":"DEFAULT","item/ExpType":"Empty","item/DirPerson_FK_PartyNumber":"@variables('DirPartyIdWorker')","item/CostType":"TEST","item/AmountCurr":"@outputs('Handle_convert_amount_to_float_with_dot')","item/ExchangeCode":"@variables('Currency')"},"authentication":{"value":"@json(decodeBase64(triggerOutputs().headers['X-MS-APIM-Tokens']))['$ConnectionKey']","type":"Raw"}}},"Handle_French_Format_of_Date_to_ISO_8601":{"runAfter":{"Apply_to_each_-_Apply_to_each_line":["Succeeded"]},"type":"Compose","inputs":"@{concat(substring(variables('expenseTransDate'),3,3),substring(variables('expenseTransDate'),0,3),substring(variables('expenseTransDate'),6,4))} "},"Handle_convert_amount_to_float_with_dot":{"runAfter":{"Handle_French_Format_of_Date_to_ISO_8601":["Succeeded"]},"type":"Compose","inputs":"@float(replace(variables('totalAmount'),',','.'))"},"Condition":{"actions":{"Send_me_a_mobile_notification_2":{"runAfter":{"Create_file_to_Sharepoint":["Succeeded"]},"type":"OpenApiConnection","inputs":{"host":{"apiId":"/providers/Microsoft.PowerApps/apis/shared_flowpush","connectionName":"shared_flowpush","operationId":"SendNotification"},"parameters":{"NotificationDefinition/notificationText":"Expense Management / Date : @{variables('expenseTransDate')} / Amount : @{variables('totalAmount')} has been approved by your manager : @{variables('ManagerFullname')}"},"authentication":{"value":"@json(decodeBase64(triggerOutputs().headers['X-MS-APIM-Tokens']))['$ConnectionKey']","type":"Raw"}}},"Call_child_flow_to_approve_expense_in_Dynamics_365_FinOps":{"runAfter":{},"type":"Http","inputs":{"method":"POST","uri":"https://URL-ofyour-childflow.com","body":{"legalEntity":"@{variables('LegalEntity')}","expenseId":"@{outputs('Create_Expense_in_Dynamics')?['body/ExpTransNumber']}","type":"Approve"}}},"Create_file_to_Sharepoint":{"runAfter":{"Call_child_flow_to_approve_expense_in_Dynamics_365_FinOps":["Succeeded"]},"type":"OpenApiConnection","inputs":{"host":{"apiId":"/providers/Microsoft.PowerApps/apis/shared_sharepointonline","connectionName":"shared_sharepointonline","operationId":"CreateFile"},"parameters":{"dataset":"https://solevo.sharepoint.com/sites/IMPALAProject","folderPath":"/Shared Documents/11 Sharepoint-GED-Dynamics365","name":"EXP_@{outputs('Get_user_profile_(V2)')?['body/displayName']}_@{variables('expenseTransDate')}.png","body":"@triggerBody()?['file']?['contentBytes']"},"authentication":{"value":"@json(decodeBase64(triggerOutputs().headers['X-MS-APIM-Tokens']))['$ConnectionKey']","type":"Raw"}}}},"runAfter":{"Post_a_choice_of_options_as_the_Flow_bot_to_a_user":["Succeeded"]},"else":{"actions":{"Call_child_flow_to_reject_expense_in_Dynamics_365_FinOps":{"runAfter":{},"type":"Http","inputs":{"method":"POST","uri":"https://URL-ofyour-childflow.com","body":{"legalEntity":"@{variables('LegalEntity')}","expenseId":"@{outputs('Create_Expense_in_Dynamics')?['body/ExpTransNumber']}","type":"Reject"}}},"Send_me_a_mobile_notification":{"runAfter":{"Call_child_flow_to_reject_expense_in_Dynamics_365_FinOps":["Succeeded"]},"type":"OpenApiConnection","inputs":{"host":{"apiId":"/providers/Microsoft.PowerApps/apis/shared_flowpush","connectionName":"shared_flowpush","operationId":"SendNotification"},"parameters":{"NotificationDefinition/notificationText":"Expense Management / Date : @{variables('expenseTransDate')} / Amount : @{variables('totalAmount')} has been rejected by the manager. Comment : \n@{outputs('Post_a_choice_of_options_as_the_Flow_bot_to_a_user')?['body/comments']}"},"authentication":{"value":"@json(decodeBase64(triggerOutputs().headers['X-MS-APIM-Tokens']))['$ConnectionKey']","type":"Raw"}}}}},"expression":{"equals":["@outputs('Post_a_choice_of_options_as_the_Flow_bot_to_a_user')?['body/selectedOption']","Approve"]},"type":"If"},"Post_a_choice_of_options_as_the_Flow_bot_to_a_user":{"runAfter":{"Create_Expense_in_Dynamics":["Succeeded"]},"type":"OpenApiConnectionWebhook","inputs":{"host":{"apiId":"/providers/Microsoft.PowerApps/apis/shared_teams","connectionName":"shared_teams","operationId":"SubscribeUserMessageWithOptions"},"parameters":{"UserMessageWithOptionsSubscriptionRequest/body/options":["Approve","Reject"],"UserMessageWithOptionsSubscriptionRequest/body/messageTitle":"Expense Approval","UserMessageWithOptionsSubscriptionRequest/body/recipient/to":"@{variables('ManagerEmail')};","UserMessageWithOptionsSubscriptionRequest/body/messageBody":"Worker : @{outputs('Get_user_profile_(V2)')?['body/displayName']} /\nTotal Amount : @{variables('totalAmount')} /\nTransaction Date : @{variables('expenseTransDate')}","UserMessageWithOptionsSubscriptionRequest/body/recipient/summary":"Approval needed for Expense management","UserMessageWithOptionsSubscriptionRequest/body/recipient/isAlert":true},"authentication":{"value":"@json(decodeBase64(triggerOutputs().headers['X-MS-APIM-Tokens']))['$ConnectionKey']","type":"Raw"}}}},"runAfter":{"Initialize_variable":["Succeeded"]},"type":"Foreach"},"Get_user_profile_(V2)":{"runAfter":{"DelimiterForDetectingTotalAmount":["Succeeded"]},"type":"OpenApiConnection","inputs":{"host":{"apiId":"/providers/Microsoft.PowerApps/apis/shared_office365users","connectionName":"shared_office365users_1","operationId":"UserProfile_V2"},"parameters":{"id":"@triggerOutputs()['headers']['x-ms-user-email-encoded']"},"authentication":{"value":"@json(decodeBase64(triggerOutputs().headers['X-MS-APIM-Tokens']))['$ConnectionKey']","type":"Raw"}}},"Init_PersonnelNumber":{"runAfter":{},"type":"InitializeVariable","inputs":{"variables":[{"name":"PersonnelNumber","type":"string"}]}},"Init_PositionId":{"runAfter":{"Init_PersonnelNumber":["Succeeded"]},"type":"InitializeVariable","inputs":{"variables":[{"name":"PositionId","type":"string"}]}},"Init_ParentPositionId":{"runAfter":{"Init_PositionId":["Succeeded"]},"type":"InitializeVariable","inputs":{"variables":[{"name":"ParentPositionId","type":"string"}]}},"Init_ManagerFullName":{"runAfter":{"Init_ParentPositionId":["Succeeded"]},"type":"InitializeVariable","inputs":{"variables":[{"name":"ManagerFullname","type":"string"}]}},"Init_ManagerEmail":{"runAfter":{"Init_ManagerFullName":["Succeeded"]},"type":"InitializeVariable","inputs":{"variables":[{"name":"ManagerEmail","type":"string"}]}},"Apply_to_each_-_Retrieve_manager_attributes":{"foreach":"@outputs('Get_current_Worker_in_D365_FinOps')?['body/value']","actions":{"Get_current_job_position_from_worker_in_AX":{"runAfter":{"Set_PartyIdWorker":["Succeeded"]},"type":"OpenApiConnection","inputs":{"host":{"apiId":"/providers/Microsoft.PowerApps/apis/shared_dynamicsax","connectionName":"shared_dynamicsax_1","operationId":"GetItems"},"parameters":{"dataset":"solevo-preprod.sandbox.operations.dynamics.com","table":"PositionsV2","$filter":"WorkerPersonnelNumber eq '@{string(variables('PersonnelNumber'))}'","cross-company":true},"authentication":{"value":"@json(decodeBase64(triggerOutputs().headers['X-MS-APIM-Tokens']))['$ConnectionKey']","type":"Raw"}}},"Set_PersonnelNumber":{"runAfter":{},"type":"SetVariable","inputs":{"name":"PersonnelNumber","value":"@items('Apply_to_each_-_Retrieve_manager_attributes')?['PersonnelNumber']"}},"Apply_to_each_2":{"foreach":"@outputs('Get_current_job_position_from_worker_in_AX')?['body/value']","actions":{"Set_PositionId":{"runAfter":{},"type":"SetVariable","inputs":{"name":"PositionId","value":"@items('Apply_to_each_2')?['PositionId']"}},"Get_PositionHierarchies_from_the_current_Worker_in_AX":{"runAfter":{"Set_PositionId":["Succeeded"]},"type":"OpenApiConnection","inputs":{"host":{"apiId":"/providers/Microsoft.PowerApps/apis/shared_dynamicsax","connectionName":"shared_dynamicsax_1","operationId":"GetItems"},"parameters":{"dataset":"solevo-preprod.sandbox.operations.dynamics.com","table":"PositionHierarchies","$filter":"PositionId eq '@{string(variables('PositionId'))}'","$top":1,"cross-company":true},"authentication":{"value":"@json(decodeBase64(triggerOutputs().headers['X-MS-APIM-Tokens']))['$ConnectionKey']","type":"Raw"}}},"Apply_to_each_3":{"foreach":"@outputs('Get_PositionHierarchies_from_the_current_Worker_in_AX')?['body/value']","actions":{"Set_ParentPositionId":{"runAfter":{},"type":"SetVariable","inputs":{"name":"ParentPositionId","value":"@items('Apply_to_each_3')?['ParentPositionId']"}},"Get_worker_manager":{"runAfter":{"Set_ParentPositionId":["Succeeded"]},"type":"OpenApiConnection","inputs":{"host":{"apiId":"/providers/Microsoft.PowerApps/apis/shared_dynamicsax","connectionName":"shared_dynamicsax_1","operationId":"GetItems"},"parameters":{"dataset":"solevo-preprod.sandbox.operations.dynamics.com","table":"PositionsV2","$filter":"PositionId eq '@{string(variables('ParentPositionId'))}'","cross-company":true},"authentication":{"value":"@json(decodeBase64(triggerOutputs().headers['X-MS-APIM-Tokens']))['$ConnectionKey']","type":"Raw"}}},"Apply_to_each_4":{"foreach":"@outputs('Get_worker_manager')?['body/value']","actions":{"Set_Manager_Fullname":{"runAfter":{},"type":"SetVariable","inputs":{"name":"ManagerFullname","value":"@items('Apply_to_each_4')?['WorkerName']"}},"Get_Manager_Systemuser":{"runAfter":{"Set_Manager_Fullname":["Succeeded"]},"type":"OpenApiConnection","inputs":{"host":{"apiId":"/providers/Microsoft.PowerApps/apis/shared_dynamicsax","connectionName":"shared_dynamicsax_1","operationId":"GetItems"},"parameters":{"dataset":"solevo-preprod.sandbox.operations.dynamics.com","table":"SystemUsers","$filter":"UserName eq '@{string(variables('ManagerFullname'))}'","$top":1,"cross-company":true},"authentication":{"value":"@json(decodeBase64(triggerOutputs().headers['X-MS-APIM-Tokens']))['$ConnectionKey']","type":"Raw"}}},"Apply_to_each_5":{"foreach":"@outputs('Get_Manager_Systemuser')?['body/value']","actions":{"Set_Manager_Email_Address":{"runAfter":{},"type":"SetVariable","inputs":{"name":"ManagerEmail","value":"@items('Apply_to_each_5')?['Alias']"}},"Set_LegalEntity":{"runAfter":{"Set_Manager_Email_Address":["Succeeded"]},"type":"SetVariable","inputs":{"name":"LegalEntity","value":"@items('Apply_to_each_5')?['Company']"}}},"runAfter":{"Get_Manager_Systemuser":["Succeeded"]},"type":"Foreach"}},"runAfter":{"Get_worker_manager":["Succeeded"]},"type":"Foreach"}},"runAfter":{"Get_PositionHierarchies_from_the_current_Worker_in_AX":["Succeeded"]},"type":"Foreach"}},"runAfter":{"Get_current_job_position_from_worker_in_AX":["Succeeded"]},"type":"Foreach"},"Set_PartyIdWorker":{"runAfter":{"Set_PersonnelNumber":["Succeeded"]},"type":"SetVariable","inputs":{"name":"DirPartyIdWorker","value":"@items('Apply_to_each_-_Retrieve_manager_attributes')?['PartyNumber']"}}},"runAfter":{"Get_current_Worker_in_D365_FinOps":["Succeeded"]},"type":"Foreach"},"Init_expenseTransDate":{"runAfter":{"Init_ManagerEmail":["Succeeded"]},"type":"InitializeVariable","inputs":{"variables":[{"name":"expenseTransDate","type":"string"}]}},"Init_TotalAmount":{"runAfter":{"Init_expenseTransDate":["Succeeded"]},"type":"InitializeVariable","inputs":{"variables":[{"name":"totalAmount","type":"string"}]}},"Init_PredictedLine":{"runAfter":{"Init_TotalAmount":["Succeeded"]},"type":"InitializeVariable","inputs":{"variables":[{"name":"PredictedLine","type":"string"}]}},"Init_detectTotalAmount":{"runAfter":{"Init_PredictedLine":["Succeeded"]},"type":"InitializeVariable","inputs":{"variables":[{"name":"detectedTotalAmount","type":"boolean","value":false}]}},"Get_current_Worker_in_D365_FinOps":{"runAfter":{"Get_user_profile_(V2)":["Succeeded"]},"type":"OpenApiConnection","inputs":{"host":{"apiId":"/providers/Microsoft.PowerApps/apis/shared_dynamicsax","connectionName":"shared_dynamicsax_1","operationId":"GetItems"},"parameters":{"dataset":"solevo-preprod.sandbox.operations.dynamics.com","table":"Workers","$filter":"Name eq '@{string(outputs('Get_user_profile_(V2)')?['body/displayName'])}'","$top":1,"cross-company":true},"authentication":{"value":"@json(decodeBase64(triggerOutputs().headers['X-MS-APIM-Tokens']))['$ConnectionKey']","type":"Raw"}}},"Init_DirParty_Worker":{"runAfter":{"Init_detectTotalAmount":["Succeeded"]},"type":"InitializeVariable","inputs":{"variables":[{"name":"DirPartyIdWorker","type":"string"}]}},"Init_LegalEntity":{"runAfter":{"Init_DirParty_Worker":["Succeeded"]},"type":"InitializeVariable","inputs":{"variables":[{"name":"LegalEntity","type":"string"}]}},"Init_currency":{"runAfter":{"Init_LegalEntity":["Succeeded"]},"type":"InitializeVariable","inputs":{"variables":[{"name":"Currency","type":"string","value":"USD"}]}},"DelimiterForDetectingTransDate":{"runAfter":{"Init_currency":["Succeeded"]},"type":"InitializeVariable","inputs":{"variables":[{"name":"delimiterTransDate","type":"string","value":"/"}]}},"DelimiterForDetectingTotalAmount":{"runAfter":{"DelimiterForDetectingTransDate":["Succeeded"]},"type":"InitializeVariable","inputs":{"variables":[{"name":"delimiterTotalAmount","type":"string","value":"TOTAL TTC"}]}}},"description":"Use Text Recognition from AI Builder to automatically process text from images for Expense Management in Dynamics 365 Finance and Operations - with approval of the manager in Teams"},"connectionReferences":{"shared_commondataserviceforapps":{"connectionName":"shared-commondataser-37933402-d0b8-4e74-96d1-8afc80a9947b","source":"Embedded","id":"/providers/Microsoft.PowerApps/apis/shared_commondataserviceforapps","tier":"NotSpecified"},"shared_dynamicsax_1":{"connectionName":"shared-dynamicsax-ab1ab35e-01a8-4425-a4a6-2c65e28a6f46","source":"Invoker","id":"/providers/Microsoft.PowerApps/apis/shared_dynamicsax","tier":"NotSpecified"},"shared_flowpush":{"connectionName":"shared-flowpush-5106f152-db33-4df3-a2b3-1fd3ca141771","source":"Invoker","id":"/providers/Microsoft.PowerApps/apis/shared_flowpush","tier":"NotSpecified"},"shared_sharepointonline":{"connectionName":"shared-sharepointonl-23d9d279-6d36-4290-b054-4c76bb11faf2","source":"Invoker","id":"/providers/Microsoft.PowerApps/apis/shared_sharepointonline","tier":"NotSpecified"},"shared_teams":{"connectionName":"shared-teams-7fae1bb3-68ff-4505-8788-e43827a971bb","source":"Invoker","id":"/providers/Microsoft.PowerApps/apis/shared_teams","tier":"NotSpecified"},"shared_office365users_1":{"connectionName":"shared-office365user-0664622a-9254-4309-9fa7-3daa80f25982","source":"Invoker","id":"/providers/Microsoft.PowerApps/apis/shared_office365users","tier":"NotSpecified"}},"flowFailureAlertSubscribed":false}}