{"name":"aa2f30bc-2d36-49f1-9c9a-fbd9cdca06c7","id":"/providers/Microsoft.Flow/flows/aa2f30bc-2d36-49f1-9c9a-fbd9cdca06c7","type":"Microsoft.Flow/flows","properties":{"apiId":"/providers/Microsoft.PowerApps/apis/shared_logicflows","displayName":"Approve or Reject Expense D365 FinOps","definition":{"metadata":{"workflowEntityId":null,"creator":{"id":"8a3abbd8-e22e-4ba0-b36c-12aed20cd373","type":"User","tenantId":"8d3cdf8d-fc61-4142-9d65-03955f7adc6f"},"provisioningMethod":"FromDefinition","failureAlertSubscription":true,"clientLastModifiedTime":"2020-05-04T22:08:04.5179912Z"},"$schema":"https://schema.management.azure.com/providers/Microsoft.Logic/schemas/2016-06-01/workflowdefinition.json#","contentVersion":"1.0.0.0","parameters":{"$connections":{"defaultValue":{},"type":"Object"},"$authentication":{"defaultValue":{},"type":"SecureObject"}},"triggers":{"manual":{"type":"Request","kind":"Http","inputs":{"schema":{"type":"object","properties":{"legalEntity":{"type":"string"},"expenseId":{"type":"string"},"type":{"type":"string"}}}}}},"actions":{"Condition":{"actions":{"Approve_Expense":{"runAfter":{},"metadata":{"flowSystemMetadata":{"swaggerOperationId":"ExecuteProcedure"}},"type":"ApiConnection","inputs":{"host":{"connection":{"name":"@parameters('$connections')['shared_dynamicsax']['connectionId']"},"api":{"runtimeUrl":"https://europe-002.azure-apim.net/apim/dynamicsax"}},"method":"post","body":{"dataAreaId":"@triggerBody()?['legalEntity']","expTransNumber":"@triggerBody()?['expenseId']"},"path":"/datasets/@{encodeURIComponent(encodeURIComponent('solevo-preprod.sandbox.operations.dynamics.com'))}/procedures/@{encodeURIComponent(encodeURIComponent('IMPTrvExpTransV2/Microsoft.Dynamics.DataEntities.ApproveExpense'))}","authentication":"@parameters('$authentication')"}}},"runAfter":{},"else":{"actions":{"Reject_Expense":{"runAfter":{},"metadata":{"flowSystemMetadata":{"swaggerOperationId":"ExecuteProcedure"}},"type":"ApiConnection","inputs":{"host":{"connection":{"name":"@parameters('$connections')['shared_dynamicsax']['connectionId']"},"api":{"runtimeUrl":"https://europe-002.azure-apim.net/apim/dynamicsax"}},"method":"post","body":{"dataAreaId":"@triggerBody()?['legalEntity']","expTransNumber":"@triggerBody()?['expenseId']"},"path":"/datasets/@{encodeURIComponent(encodeURIComponent('solevo-preprod.sandbox.operations.dynamics.com'))}/procedures/@{encodeURIComponent(encodeURIComponent('IMPTrvExpTransV2/Microsoft.Dynamics.DataEntities.RejectExpense'))}","authentication":"@parameters('$authentication')"}}}},"expression":{"equals":["@triggerBody()?['type']","Approve"]},"type":"If"}},"outputs":{}},"connectionReferences":{"shared_dynamicsax":{"connectionName":"shared-dynamicsax-ab1ab35e-01a8-4425-a4a6-2c65e28a6f46","source":"Embedded","id":"/providers/Microsoft.PowerApps/apis/shared_dynamicsax","tier":"NotSpecified"}},"flowFailureAlertSubscribed":false}}